"Id","Path","Slice Name","Alias(s)","Label","Min","Max","Must Support?","Is Modifier?","Is Summary?","Type(s)","Short","Definition","Comments","Requirements","Default Value","Meaning When Missing","Fixed Value","Pattern","Example","Minimum Value","Maximum Value","Maximum Length","Binding Strength","Binding Description","Binding Value Set","Code","Slicing Discriminator","Slicing Description","Slicing Ordered","Slicing Rules","Base Path","Base Min","Base Max","Condition(s)","Constraint(s)","Mapping: HL7 v2 Mapping","Mapping: RIM Mapping","Mapping: FiveWs Pattern Mapping"
"SpecimenDefinition","SpecimenDefinition","","","",0,*,"","","","null {[]} {[]}
","Kind of specimen","A kind of specimen with associated set of requirements.","","","","","","","","","",,,,,"",,,,"SpecimenDefinition",0,*,"","","OM4","Entity. Role, or Act","Role[classCode=SPEC]","clinical.diagnostics"
"SpecimenDefinition.id","SpecimenDefinition.id","","","",0,1,"","","Y","id {[]} {[]}
","Logical id of this artifact","The logical id of the resource, as used in the URL for the resource. Once assigned, this value never changes.","The only time that a resource does not have an id is when it is being submitted to the server using a create operation.","","","","","","","","",,,,,"",,,,"Resource.id",0,1,"",""
"SpecimenDefinition.meta","SpecimenDefinition.meta","","","",0,1,"","","Y","Meta {[]} {[]}
","Metadata about the resource","The metadata about the resource. This is content that is maintained by the infrastructure. Changes to the content might not always be associated with version changes to the resource.","","","","","","","","","",,,,,"",,,,"Resource.meta",0,1,"","ele-1:All FHIR elements must have a @value or children {hasValue() or (children().count() > id.count())}
"
"SpecimenDefinition.implicitRules","SpecimenDefinition.implicitRules","","","",0,1,"","Y","Y","uri {[]} {[]}
","A set of rules under which this content was created","A reference to a set of rules that were followed when the resource was constructed, and which must be understood when processing the content. Often, this is a reference to an implementation guide that defines the special rules along with other profiles etc.","Asserting this rule set restricts the content to be only understood by a limited set of trading partners. This inherently limits the usefulness of the data in the long term. However, the existing health eco-system is highly fractured, and not yet ready to define, collect, and exchange data in a generally computable sense. Wherever possible, implementers and/or specification writers should avoid using this element. Often, when used, the URL is a reference to an implementation guide that defines these special rules as part of it's narrative along with other profiles, value sets, etc.","","","","","","","","",,,,,"",,,,"Resource.implicitRules",0,1,"","ele-1:All FHIR elements must have a @value or children {hasValue() or (children().count() > id.count())}
"
"SpecimenDefinition.language","SpecimenDefinition.language","","","",0,1,"","","","code {[]} {[]}
","Language of the resource content","The base language in which the resource is written.","Language is provided to support indexing and accessibility (typically, services such as text to speech use the language tag). The html language tag in the narrative applies  to the narrative. The language tag on the resource may be used to specify the language of other presentations generated from the data in the resource. Not all the content has to be in the base language. The Resource.language should not be assumed to apply to the narrative automatically. If a language is specified, it should it also be specified on the div element in the html (see rules in HTML5 for information about the relationship between xml:lang and the html lang attribute).","","","","","","","","",,"preferred","IETF language tag","http://hl7.org/fhir/ValueSet/languages","",,,,"Resource.language",0,1,"","ele-1:All FHIR elements must have a @value or children {hasValue() or (children().count() > id.count())}
"
"SpecimenDefinition.text","SpecimenDefinition.text","","narrative
htmlxhtmldisplay","",0,1,"","","","Narrative {[]} {[]}
","Text summary of the resource, for human interpretation","A human-readable narrative that contains a summary of the resource and can be used to represent the content of the resource to a human. The narrative need not encode all the structured data, but is required to contain sufficient detail to make it ""clinically safe"" for a human to just read the narrative. Resource definitions may define what content should be represented in the narrative to ensure clinical safety.","Contained resources do not have narrative. Resources that are not contained SHOULD have a narrative. In some cases, a resource may only have text with little or no additional discrete data (as long as all minOccurs=1 elements are satisfied).  This may be necessary for data from legacy systems where information is captured as a ""text blob"" or where text is additionally entered raw or narrated and encoded information is added later.","","","","","","","","",,,,,"",,,,"DomainResource.text",0,1,"","ele-1:All FHIR elements must have a @value or children {hasValue() or (children().count() > id.count())}
","Act.text?"
"SpecimenDefinition.contained","SpecimenDefinition.contained","","inline resources
anonymous resourcescontained resources","",0,*,"","","","Resource {[]} {[]}
","Contained, inline Resources","These resources do not have an independent existence apart from the resource that contains them - they cannot be identified independently, and nor can they have their own independent transaction scope.","This should never be done when the content can be identified properly, as once identification is lost, it is extremely difficult (and context dependent) to restore it again. Contained resources may have profiles and tags In their meta elements, but SHALL NOT have security labels.","","","","","","","","",,,,,"",,,,"DomainResource.contained",0,*,"","dom-r4b:Containing new R4B resources within R4 resources may cause interoperability issues if instances are shared with R4 systems {($this is Citation or $this is Evidence or $this is EvidenceReport or $this is EvidenceVariable or $this is MedicinalProductDefinition or $this is PackagedProductDefinition or $this is AdministrableProductDefinition or $this is Ingredient or $this is ClinicalUseDefinition or $this is RegulatedAuthorization or $this is SubstanceDefinition or $this is SubscriptionStatus or $this is SubscriptionTopic) implies (%resource is Citation or %resource is Evidence or %resource is EvidenceReport or %resource is EvidenceVariable or %resource is MedicinalProductDefinition or %resource is PackagedProductDefinition or %resource is AdministrableProductDefinition or %resource is Ingredient or %resource is ClinicalUseDefinition or %resource is RegulatedAuthorization or %resource is SubstanceDefinition or %resource is SubscriptionStatus or %resource is SubscriptionTopic)}
","N/A"
"SpecimenDefinition.extension","SpecimenDefinition.extension","","extensions
user content","",0,*,"","","","Extension {[]} {[]}
","Additional content defined by implementations","May be used to represent additional information that is not part of the basic definition of the resource. To make the use of extensions safe and manageable, there is a strict set of governance  applied to the definition and use of extensions. Though any implementer can define an extension, there is a set of requirements that SHALL be met as part of the definition of the extension.","There can be no stigma associated with the use of extensions by any application, project, or standard - regardless of the institution or jurisdiction that uses or defines the extensions.  The use of extensions is what allows the FHIR specification to retain a core level of simplicity for everyone.","","","","","","","","",,,,,"",,,,"DomainResource.extension",0,*,"","ele-1:All FHIR elements must have a @value or children {hasValue() or (children().count() > id.count())}
ext-1:Must have either extensions or value[x], not both {extension.exists() != value.exists()}","N/A"
"SpecimenDefinition.modifierExtension","SpecimenDefinition.modifierExtension","","extensions
user content","",0,*,"","Y","","Extension {[]} {[]}
","Extensions that cannot be ignored","May be used to represent additional information that is not part of the basic definition of the resource and that modifies the understanding of the element that contains it and/or the understanding of the containing element's descendants. Usually modifier elements provide negation or qualification. To make the use of extensions safe and manageable, there is a strict set of governance applied to the definition and use of extensions. Though any implementer is allowed to define an extension, there is a set of requirements that SHALL be met as part of the definition of the extension. Applications processing a resource are required to check for modifier extensions.

Modifier extensions SHALL NOT change the meaning of any elements on Resource or DomainResource (including cannot change the meaning of modifierExtension itself).","There can be no stigma associated with the use of extensions by any application, project, or standard - regardless of the institution or jurisdiction that uses or defines the extensions.  The use of extensions is what allows the FHIR specification to retain a core level of simplicity for everyone.","Modifier extensions allow for extensions that *cannot* be safely ignored to be clearly distinguished from the vast majority of extensions which can be safely ignored.  This promotes interoperability by eliminating the need for implementers to prohibit the presence of extensions. For further information, see the [definition of modifier extensions](http://hl7.org/fhir/R4B/extensibility.html#modifierExtension).","","","","","","","",,,,,"",,,,"DomainResource.modifierExtension",0,*,"","ele-1:All FHIR elements must have a @value or children {hasValue() or (children().count() > id.count())}
ext-1:Must have either extensions or value[x], not both {extension.exists() != value.exists()}","N/A"
"SpecimenDefinition.identifier","SpecimenDefinition.identifier","","","",0,1,"","","Y","Identifier {[]} {[]}
","Business identifier of a kind of specimen","A business identifier associated with the kind of specimen.","","","","","","","","","",,,,,"",,,,"SpecimenDefinition.identifier",0,1,"","ele-1:All FHIR elements must have a @value or children {hasValue() or (children().count() > id.count())}
"
"SpecimenDefinition.typeCollected","SpecimenDefinition.typeCollected","","","",0,1,"","","Y","CodeableConcept {[]} {[]}
","Kind of material to collect","The kind of material to be collected.","","","","","","","","","",,"example","The type of the specimen to be collected.","http://terminology.hl7.org/ValueSet/v2-0487","",,,,"SpecimenDefinition.typeCollected",0,1,"","ele-1:All FHIR elements must have a @value or children {hasValue() or (children().count() > id.count())}
","OM4-6"
"SpecimenDefinition.patientPreparation","SpecimenDefinition.patientPreparation","","","",0,*,"","","Y","CodeableConcept {[]} {[]}
","Patient preparation for collection","Preparation of the patient for specimen collection.","","","","","","","","","",,"example","SCT descendants of 703763000 |Precondition value (qualifier value)|","http://hl7.org/fhir/ValueSet/prepare-patient-prior-specimen-collection","",,,,"SpecimenDefinition.patientPreparation",0,*,"","ele-1:All FHIR elements must have a @value or children {hasValue() or (children().count() > id.count())}
","OM1-37"
"SpecimenDefinition.timeAspect","SpecimenDefinition.timeAspect","","","",0,1,"","","Y","string {[]} {[]}
","Time aspect for collection","Time aspect of specimen collection (duration or offset).","","","","","","","<valueString xmlns=""http://hl7.org/fhir"" value=""24 hour, 20' post charge""/>","","",,,,,"",,,,"SpecimenDefinition.timeAspect",0,1,"","ele-1:All FHIR elements must have a @value or children {hasValue() or (children().count() > id.count())}
","OM1-43, OM1-44"
"SpecimenDefinition.collection","SpecimenDefinition.collection","","","",0,*,"","","Y","CodeableConcept {[]} {[]}
","Specimen collection procedure","The action to be performed for collecting the specimen.","","","","","","","","","",,"example","SCT actions and procedures for specimen collection","http://hl7.org/fhir/ValueSet/specimen-collection","",,,,"SpecimenDefinition.collection",0,*,"","ele-1:All FHIR elements must have a @value or children {hasValue() or (children().count() > id.count())}
"
"SpecimenDefinition.typeTested","SpecimenDefinition.typeTested","","","",1,*,"","","","BackboneElement {[]} {[]}
","Specimen in container intended for testing by lab","Specimen conditioned in a container as expected by the testing laboratory.","","","","","","","","","",,,,,"",,,,"SpecimenDefinition.typeTested",0,*,"",""
"SpecimenDefinition.typeTested.id","SpecimenDefinition.typeTested.id","","","",0,1,"","","","string {[]} {[]}
","Unique id for inter-element referencing","Unique id for the element within a resource (for internal references). This may be any string value that does not contain spaces.","","","","","","","","","",,,,,"",,,,"Element.id",0,1,"","","n/a"
"SpecimenDefinition.typeTested.extension","SpecimenDefinition.typeTested.extension","","extensions
user content","",0,*,"","","","Extension {[]} {[]}
","Additional content defined by implementations","May be used to represent additional information that is not part of the basic definition of the element. To make the use of extensions safe and manageable, there is a strict set of governance  applied to the definition and use of extensions. Though any implementer can define an extension, there is a set of requirements that SHALL be met as part of the definition of the extension.","There can be no stigma associated with the use of extensions by any application, project, or standard - regardless of the institution or jurisdiction that uses or defines the extensions.  The use of extensions is what allows the FHIR specification to retain a core level of simplicity for everyone.","","","","","","","","",,,,,"",,,,"Element.extension",0,*,"","ele-1:All FHIR elements must have a @value or children {hasValue() or (children().count() > id.count())}
ext-1:Must have either extensions or value[x], not both {extension.exists() != value.exists()}","n/a"
"SpecimenDefinition.typeTested.modifierExtension","SpecimenDefinition.typeTested.modifierExtension","","extensions
user contentmodifiers","",0,*,"","Y","Y","Extension {[]} {[]}
","Extensions that cannot be ignored even if unrecognized","May be used to represent additional information that is not part of the basic definition of the element and that modifies the understanding of the element in which it is contained and/or the understanding of the containing element's descendants. Usually modifier elements provide negation or qualification. To make the use of extensions safe and manageable, there is a strict set of governance applied to the definition and use of extensions. Though any implementer can define an extension, there is a set of requirements that SHALL be met as part of the definition of the extension. Applications processing a resource are required to check for modifier extensions.

Modifier extensions SHALL NOT change the meaning of any elements on Resource or DomainResource (including cannot change the meaning of modifierExtension itself).","There can be no stigma associated with the use of extensions by any application, project, or standard - regardless of the institution or jurisdiction that uses or defines the extensions.  The use of extensions is what allows the FHIR specification to retain a core level of simplicity for everyone.","Modifier extensions allow for extensions that *cannot* be safely ignored to be clearly distinguished from the vast majority of extensions which can be safely ignored.  This promotes interoperability by eliminating the need for implementers to prohibit the presence of extensions. For further information, see the [definition of modifier extensions](http://hl7.org/fhir/R4B/extensibility.html#modifierExtension).","","","","","","","",,,,,"",,,,"BackboneElement.modifierExtension",0,*,"","ele-1:All FHIR elements must have a @value or children {hasValue() or (children().count() > id.count())}
ext-1:Must have either extensions or value[x], not both {extension.exists() != value.exists()}","N/A"
"SpecimenDefinition.typeTested.isDerived","SpecimenDefinition.typeTested.isDerived","","","",0,1,"","","","boolean {[]} {[]}
","Primary or secondary specimen","Primary of secondary specimen.","","","","","","","<valueBoolean xmlns=""http://hl7.org/fhir"" value=""false""/>","","",,,,,"",,,,"SpecimenDefinition.typeTested.isDerived",0,1,"","ele-1:All FHIR elements must have a @value or children {hasValue() or (children().count() > id.count())}
","OM4-2"
"SpecimenDefinition.typeTested.type","SpecimenDefinition.typeTested.type","","","",1,1,"","","","CodeableConcept {[]} {[]}
","Type of intended specimen","The kind of specimen conditioned for testing expected by lab.","","","","","","","","","",,"required","","http://openhie.org/fhir/rwanda-hiv/ValueSet/vs-specimen-type","",,,,"SpecimenDefinition.typeTested.type",0,1,"","ele-1:All FHIR elements must have a @value or children {hasValue() or (children().count() > id.count())}
"
"SpecimenDefinition.typeTested.preference","SpecimenDefinition.typeTested.preference","","","",1,1,"","","","code {[]} {[]}
","preferred | alternate","The preference for this type of conditioned specimen.","","","","","","","<valueCode xmlns=""http://hl7.org/fhir"" value=""preferred, alternate""/>","","",,"required","Degree of preference of a type of conditioned specimen.","http://hl7.org/fhir/ValueSet/specimen-contained-preference|4.3.0","",,,,"SpecimenDefinition.typeTested.preference",1,1,"","ele-1:All FHIR elements must have a @value or children {hasValue() or (children().count() > id.count())}
","OM4-16"
"SpecimenDefinition.typeTested.container","SpecimenDefinition.typeTested.container","","","",0,1,"","","","BackboneElement {[]} {[]}
","The specimen's container","The specimen's container.","","","","","","","","","",,,,,"",,,,"SpecimenDefinition.typeTested.container",0,1,"","ele-1:All FHIR elements must have a @value or children unless an empty Parameters resource {hasValue() or (children().count() > id.count()) or $this is Parameters}
"
"SpecimenDefinition.typeTested.container.id","SpecimenDefinition.typeTested.container.id","","","",0,1,"","","","string {[]} {[]}
","Unique id for inter-element referencing","Unique id for the element within a resource (for internal references). This may be any string value that does not contain spaces.","","","","","","","","","",,,,,"",,,,"Element.id",0,1,"","","n/a"
"SpecimenDefinition.typeTested.container.extension","SpecimenDefinition.typeTested.container.extension","","extensions
user content","",0,*,"","","","Extension {[]} {[]}
","Additional content defined by implementations","May be used to represent additional information that is not part of the basic definition of the element. To make the use of extensions safe and manageable, there is a strict set of governance  applied to the definition and use of extensions. Though any implementer can define an extension, there is a set of requirements that SHALL be met as part of the definition of the extension.","There can be no stigma associated with the use of extensions by any application, project, or standard - regardless of the institution or jurisdiction that uses or defines the extensions.  The use of extensions is what allows the FHIR specification to retain a core level of simplicity for everyone.","","","","","","","","",,,,,"",,,,"Element.extension",0,*,"","ele-1:All FHIR elements must have a @value or children {hasValue() or (children().count() > id.count())}
ext-1:Must have either extensions or value[x], not both {extension.exists() != value.exists()}","n/a"
"SpecimenDefinition.typeTested.container.modifierExtension","SpecimenDefinition.typeTested.container.modifierExtension","","extensions
user contentmodifiers","",0,*,"","Y","Y","Extension {[]} {[]}
","Extensions that cannot be ignored even if unrecognized","May be used to represent additional information that is not part of the basic definition of the element and that modifies the understanding of the element in which it is contained and/or the understanding of the containing element's descendants. Usually modifier elements provide negation or qualification. To make the use of extensions safe and manageable, there is a strict set of governance applied to the definition and use of extensions. Though any implementer can define an extension, there is a set of requirements that SHALL be met as part of the definition of the extension. Applications processing a resource are required to check for modifier extensions.

Modifier extensions SHALL NOT change the meaning of any elements on Resource or DomainResource (including cannot change the meaning of modifierExtension itself).","There can be no stigma associated with the use of extensions by any application, project, or standard - regardless of the institution or jurisdiction that uses or defines the extensions.  The use of extensions is what allows the FHIR specification to retain a core level of simplicity for everyone.","Modifier extensions allow for extensions that *cannot* be safely ignored to be clearly distinguished from the vast majority of extensions which can be safely ignored.  This promotes interoperability by eliminating the need for implementers to prohibit the presence of extensions. For further information, see the [definition of modifier extensions](http://hl7.org/fhir/R4B/extensibility.html#modifierExtension).","","","","","","","",,,,,"",,,,"BackboneElement.modifierExtension",0,*,"","ele-1:All FHIR elements must have a @value or children {hasValue() or (children().count() > id.count())}
ext-1:Must have either extensions or value[x], not both {extension.exists() != value.exists()}","N/A"
"SpecimenDefinition.typeTested.container.material","SpecimenDefinition.typeTested.container.material","","","",0,1,"","","","CodeableConcept {[]} {[]}
","Container material","The type of material of the container.","","","","","","","","","",,"example","SCT 32039001 |Glass|, 61088005 |Plastic|, 425620007 |Metal|","http://hl7.org/fhir/ValueSet/container-material","",,,,"SpecimenDefinition.typeTested.container.material",0,1,"","ele-1:All FHIR elements must have a @value or children {hasValue() or (children().count() > id.count())}
"
"SpecimenDefinition.typeTested.container.type","SpecimenDefinition.typeTested.container.type","","","",0,1,"","","","CodeableConcept {[]} {[]}
","Kind of container associated with the kind of specimen","The type of container used to contain this kind of specimen.","","","","","","","","","",,"example","SCT descendants of 706041008 |Device for body fluid and tissue collection/transfer/processing (physical object)|","http://hl7.org/fhir/ValueSet/specimen-container-type","",,,,"SpecimenDefinition.typeTested.container.type",0,1,"","ele-1:All FHIR elements must have a @value or children {hasValue() or (children().count() > id.count())}
"
"SpecimenDefinition.typeTested.container.cap","SpecimenDefinition.typeTested.container.cap","","","",0,1,"","","","CodeableConcept {[]} {[]}
","Color of container cap","Color of container cap.","","From ISO 6710-2017 Table F.1 Recommended colour codes.","","","","","","","",,"example","Color of the container cap.","http://hl7.org/fhir/ValueSet/container-cap","",,,,"SpecimenDefinition.typeTested.container.cap",0,1,"","ele-1:All FHIR elements must have a @value or children {hasValue() or (children().count() > id.count())}
"
"SpecimenDefinition.typeTested.container.description","SpecimenDefinition.typeTested.container.description","","","",0,1,"","","","string {[]} {[]}
","Container description","The textual description of the kind of container.","","","","","","","<valueString xmlns=""http://hl7.org/fhir"" value=""Blue top tube with citrate""/>","","",,,,,"",,,,"SpecimenDefinition.typeTested.container.description",0,1,"","ele-1:All FHIR elements must have a @value or children {hasValue() or (children().count() > id.count())}
","OM4-3"
"SpecimenDefinition.typeTested.container.capacity","SpecimenDefinition.typeTested.container.capacity","","","",0,1,"","","","Quantity {[CanonicalType[http://hl7.org/fhir/StructureDefinition/SimpleQuantity]]} {[]}
","Container capacity","The capacity (volume or other measure) of this kind of container.","","","","","","","","","",,,,,"",,,,"SpecimenDefinition.typeTested.container.capacity",0,1,"","ele-1:All FHIR elements must have a @value or children {hasValue() or (children().count() > id.count())}
","OM4-4, OM4-5"
"SpecimenDefinition.typeTested.container.minimumVolume[x]","SpecimenDefinition.typeTested.container.minimumVolume[x]","","","",0,1,"","","","Quantity {[CanonicalType[http://hl7.org/fhir/StructureDefinition/SimpleQuantity]]} {[]}
string {[]} {[]}","Minimum volume","The minimum volume to be conditioned in the container.","","","","","","","","","",,,,,"",,,,"SpecimenDefinition.typeTested.container.minimumVolume[x]",0,1,"","ele-1:All FHIR elements must have a @value or children {hasValue() or (children().count() > id.count())}
","OM4-11"
"SpecimenDefinition.typeTested.container.additive","SpecimenDefinition.typeTested.container.additive","","","",0,*,"","","","BackboneElement {[]} {[]}
","Additive associated with container","Substance introduced in the kind of container to preserve, maintain or enhance the specimen. Examples: Formalin, Citrate, EDTA.","","","","","","","","","",,,,,"",,,,"SpecimenDefinition.typeTested.container.additive",0,*,"","ele-1:All FHIR elements must have a @value or children unless an empty Parameters resource {hasValue() or (children().count() > id.count()) or $this is Parameters}
","OM4-7"
"SpecimenDefinition.typeTested.container.additive.id","SpecimenDefinition.typeTested.container.additive.id","","","",0,1,"","","","string {[]} {[]}
","Unique id for inter-element referencing","Unique id for the element within a resource (for internal references). This may be any string value that does not contain spaces.","","","","","","","","","",,,,,"",,,,"Element.id",0,1,"","","n/a"
"SpecimenDefinition.typeTested.container.additive.extension","SpecimenDefinition.typeTested.container.additive.extension","","extensions
user content","",0,*,"","","","Extension {[]} {[]}
","Additional content defined by implementations","May be used to represent additional information that is not part of the basic definition of the element. To make the use of extensions safe and manageable, there is a strict set of governance  applied to the definition and use of extensions. Though any implementer can define an extension, there is a set of requirements that SHALL be met as part of the definition of the extension.","There can be no stigma associated with the use of extensions by any application, project, or standard - regardless of the institution or jurisdiction that uses or defines the extensions.  The use of extensions is what allows the FHIR specification to retain a core level of simplicity for everyone.","","","","","","","","",,,,,"",,,,"Element.extension",0,*,"","ele-1:All FHIR elements must have a @value or children {hasValue() or (children().count() > id.count())}
ext-1:Must have either extensions or value[x], not both {extension.exists() != value.exists()}","n/a"
"SpecimenDefinition.typeTested.container.additive.modifierExtension","SpecimenDefinition.typeTested.container.additive.modifierExtension","","extensions
user contentmodifiers","",0,*,"","Y","Y","Extension {[]} {[]}
","Extensions that cannot be ignored even if unrecognized","May be used to represent additional information that is not part of the basic definition of the element and that modifies the understanding of the element in which it is contained and/or the understanding of the containing element's descendants. Usually modifier elements provide negation or qualification. To make the use of extensions safe and manageable, there is a strict set of governance applied to the definition and use of extensions. Though any implementer can define an extension, there is a set of requirements that SHALL be met as part of the definition of the extension. Applications processing a resource are required to check for modifier extensions.

Modifier extensions SHALL NOT change the meaning of any elements on Resource or DomainResource (including cannot change the meaning of modifierExtension itself).","There can be no stigma associated with the use of extensions by any application, project, or standard - regardless of the institution or jurisdiction that uses or defines the extensions.  The use of extensions is what allows the FHIR specification to retain a core level of simplicity for everyone.","Modifier extensions allow for extensions that *cannot* be safely ignored to be clearly distinguished from the vast majority of extensions which can be safely ignored.  This promotes interoperability by eliminating the need for implementers to prohibit the presence of extensions. For further information, see the [definition of modifier extensions](http://hl7.org/fhir/R4B/extensibility.html#modifierExtension).","","","","","","","",,,,,"",,,,"BackboneElement.modifierExtension",0,*,"","ele-1:All FHIR elements must have a @value or children {hasValue() or (children().count() > id.count())}
ext-1:Must have either extensions or value[x], not both {extension.exists() != value.exists()}","N/A"
"SpecimenDefinition.typeTested.container.additive.additive[x]","SpecimenDefinition.typeTested.container.additive.additive[x]","","","",1,1,"","","","CodeableConcept {[]} {[]}
Reference {[]} {[CanonicalType[http://hl7.org/fhir/StructureDefinition/Substance]]}","Additive associated with container","Substance introduced in the kind of container to preserve, maintain or enhance the specimen. Examples: Formalin, Citrate, EDTA.","","","","","","","","","",,"example","Substance added to specimen container.","http://terminology.hl7.org/ValueSet/v2-0371","",,,,"SpecimenDefinition.typeTested.container.additive.additive[x]",1,1,"","ele-1:All FHIR elements must have a @value or children {hasValue() or (children().count() > id.count())}
","OM4-7"
"SpecimenDefinition.typeTested.container.preparation","SpecimenDefinition.typeTested.container.preparation","","","",0,1,"","","","string {[]} {[]}
","Specimen container preparation","Special processing that should be applied to the container for this kind of specimen.","","","","","","","","","",,,,,"",,,,"SpecimenDefinition.typeTested.container.preparation",0,1,"","ele-1:All FHIR elements must have a @value or children {hasValue() or (children().count() > id.count())}
","OM4-8"
"SpecimenDefinition.typeTested.requirement","SpecimenDefinition.typeTested.requirement","","","",0,1,"","","","string {[]} {[]}
","Specimen requirements","Requirements for delivery and special handling of this kind of conditioned specimen.","","","","","","","","","",,,,,"",,,,"SpecimenDefinition.typeTested.requirement",0,1,"","ele-1:All FHIR elements must have a @value or children {hasValue() or (children().count() > id.count())}
","OM4-12"
"SpecimenDefinition.typeTested.retentionTime","SpecimenDefinition.typeTested.retentionTime","","","",0,1,"","","","Duration {[]} {[]}
","Specimen retention time","The usual time that a specimen of this kind is retained after the ordered tests are completed, for the purpose of additional testing.","","","","","","","","","",,,,,"",,,,"SpecimenDefinition.typeTested.retentionTime",0,1,"","ele-1:All FHIR elements must have a @value or children {hasValue() or (children().count() > id.count())}
","OM4-14"
"SpecimenDefinition.typeTested.rejectionCriterion","SpecimenDefinition.typeTested.rejectionCriterion","","","",0,*,"","","","CodeableConcept {[]} {[]}
","Rejection criterion","Criterion for rejection of the specimen in its container by the laboratory.","","","","","","","","","",,"example","Criterion for rejection of the specimen by laboratory.","http://hl7.org/fhir/ValueSet/rejection-criteria","",,,,"SpecimenDefinition.typeTested.rejectionCriterion",0,*,"","ele-1:All FHIR elements must have a @value or children {hasValue() or (children().count() > id.count())}
","OM1-39"
"SpecimenDefinition.typeTested.handling","SpecimenDefinition.typeTested.handling","","","",1,*,"","","","BackboneElement {[]} {[]}
","Specimen handling before testing","Set of instructions for preservation/transport of the specimen at a defined temperature interval, prior the testing process.","","","","","","","","","",,,,,"",,,,"SpecimenDefinition.typeTested.handling",0,*,"",""
"SpecimenDefinition.typeTested.handling.id","SpecimenDefinition.typeTested.handling.id","","","",0,1,"","","","string {[]} {[]}
","Unique id for inter-element referencing","Unique id for the element within a resource (for internal references). This may be any string value that does not contain spaces.","","","","","","","","","",,,,,"",,,,"Element.id",0,1,"","","n/a"
"SpecimenDefinition.typeTested.handling.extension","SpecimenDefinition.typeTested.handling.extension","","extensions
user content","",0,*,"","","","Extension {[]} {[]}
","Additional content defined by implementations","May be used to represent additional information that is not part of the basic definition of the element. To make the use of extensions safe and manageable, there is a strict set of governance  applied to the definition and use of extensions. Though any implementer can define an extension, there is a set of requirements that SHALL be met as part of the definition of the extension.","There can be no stigma associated with the use of extensions by any application, project, or standard - regardless of the institution or jurisdiction that uses or defines the extensions.  The use of extensions is what allows the FHIR specification to retain a core level of simplicity for everyone.","","","","","","","","",,,,,"",,,,"Element.extension",0,*,"","ele-1:All FHIR elements must have a @value or children {hasValue() or (children().count() > id.count())}
ext-1:Must have either extensions or value[x], not both {extension.exists() != value.exists()}","n/a"
"SpecimenDefinition.typeTested.handling.modifierExtension","SpecimenDefinition.typeTested.handling.modifierExtension","","extensions
user contentmodifiers","",0,*,"","Y","Y","Extension {[]} {[]}
","Extensions that cannot be ignored even if unrecognized","May be used to represent additional information that is not part of the basic definition of the element and that modifies the understanding of the element in which it is contained and/or the understanding of the containing element's descendants. Usually modifier elements provide negation or qualification. To make the use of extensions safe and manageable, there is a strict set of governance applied to the definition and use of extensions. Though any implementer can define an extension, there is a set of requirements that SHALL be met as part of the definition of the extension. Applications processing a resource are required to check for modifier extensions.

Modifier extensions SHALL NOT change the meaning of any elements on Resource or DomainResource (including cannot change the meaning of modifierExtension itself).","There can be no stigma associated with the use of extensions by any application, project, or standard - regardless of the institution or jurisdiction that uses or defines the extensions.  The use of extensions is what allows the FHIR specification to retain a core level of simplicity for everyone.","Modifier extensions allow for extensions that *cannot* be safely ignored to be clearly distinguished from the vast majority of extensions which can be safely ignored.  This promotes interoperability by eliminating the need for implementers to prohibit the presence of extensions. For further information, see the [definition of modifier extensions](http://hl7.org/fhir/R4B/extensibility.html#modifierExtension).","","","","","","","",,,,,"",,,,"BackboneElement.modifierExtension",0,*,"","ele-1:All FHIR elements must have a @value or children {hasValue() or (children().count() > id.count())}
ext-1:Must have either extensions or value[x], not both {extension.exists() != value.exists()}","N/A"
"SpecimenDefinition.typeTested.handling.temperatureQualifier","SpecimenDefinition.typeTested.handling.temperatureQualifier","","","",0,1,"","","","CodeableConcept {[]} {[]}
","Temperature qualifier","It qualifies the interval of temperature, which characterizes an occurrence of handling. Conditions that are not related to temperature may be handled in the instruction element.","","","","","","","","","",,"example","Set of handling instructions prior testing of the specimen.","http://hl7.org/fhir/ValueSet/handling-condition","",,,,"SpecimenDefinition.typeTested.handling.temperatureQualifier",0,1,"","ele-1:All FHIR elements must have a @value or children {hasValue() or (children().count() > id.count())}
","OM4-15"
"SpecimenDefinition.typeTested.handling.temperatureRange","SpecimenDefinition.typeTested.handling.temperatureRange","","","",1,1,"","","","Range {[]} {[]}
","Temperature range","The temperature interval for this set of handling instructions.","","","","","","","","","",,,,,"",,,,"SpecimenDefinition.typeTested.handling.temperatureRange",0,1,"","ele-1:All FHIR elements must have a @value or children {hasValue() or (children().count() > id.count())}
"
"SpecimenDefinition.typeTested.handling.temperatureRange.id","SpecimenDefinition.typeTested.handling.temperatureRange.id","","","",0,1,"","","","id {[]} {[]}
","Unique id for inter-element referencing","Unique id for the element within a resource (for internal references). This may be any string value that does not contain spaces.","","","","","","","","","",,,,,"",,,,"Element.id",0,1,"","","n/a"
"SpecimenDefinition.typeTested.handling.temperatureRange.extension","SpecimenDefinition.typeTested.handling.temperatureRange.extension","","extensions
user content","",0,*,"","","","Extension {[]} {[]}
","Additional content defined by implementations","May be used to represent additional information that is not part of the basic definition of the element. To make the use of extensions safe and manageable, there is a strict set of governance  applied to the definition and use of extensions. Though any implementer can define an extension, there is a set of requirements that SHALL be met as part of the definition of the extension.","There can be no stigma associated with the use of extensions by any application, project, or standard - regardless of the institution or jurisdiction that uses or defines the extensions.  The use of extensions is what allows the FHIR specification to retain a core level of simplicity for everyone.","","","","","","","","",,,,,"","value:url}
","Extensions are always sliced by (at least) url",,"open","Element.extension",0,*,"","ele-1:All FHIR elements must have a @value or children {hasValue() or (children().count() > id.count())}
ext-1:Must have either extensions or value[x], not both {extension.exists() != value.exists()}","n/a"
"SpecimenDefinition.typeTested.handling.temperatureRange.low","SpecimenDefinition.typeTested.handling.temperatureRange.low","","","",1,1,"","","Y","Quantity {[CanonicalType[http://hl7.org/fhir/StructureDefinition/SimpleQuantity]]} {[]}
","Low limit","The low limit. The boundary is inclusive.","If the low element is missing, the low boundary is not known.","","","","","","","","",,,,,"",,,,"Range.low",0,1,"","ele-1:All FHIR elements must have a @value or children {hasValue() or (children().count() > id.count())}
","NR.1","./low"
"SpecimenDefinition.typeTested.handling.temperatureRange.high","SpecimenDefinition.typeTested.handling.temperatureRange.high","","","",1,1,"","","Y","Quantity {[CanonicalType[http://hl7.org/fhir/StructureDefinition/SimpleQuantity]]} {[]}
","High limit","The high limit. The boundary is inclusive.","If the high element is missing, the high boundary is not known.","","","","","","","","",,,,,"",,,,"Range.high",0,1,"","ele-1:All FHIR elements must have a @value or children {hasValue() or (children().count() > id.count())}
","NR.2","./high"
"SpecimenDefinition.typeTested.handling.maxDuration","SpecimenDefinition.typeTested.handling.maxDuration","","","",1,1,"","","","Duration {[]} {[]}
","Maximum preservation time","The maximum time interval of preservation of the specimen with these conditions.","","","","","","","","","",,,,,"",,,,"SpecimenDefinition.typeTested.handling.maxDuration",0,1,"","ele-1:All FHIR elements must have a @value or children {hasValue() or (children().count() > id.count())}
"
"SpecimenDefinition.typeTested.handling.instruction","SpecimenDefinition.typeTested.handling.instruction","","","",0,1,"Y","","","string {[]} {[]}
","Preservation instruction","Additional textual instructions for the preservation or transport of the specimen. For instance, 'Protect from light exposure'.","","","","","","","<valueString xmlns=""http://hl7.org/fhir"" value=""freeze within 4 hours""/>","","",,,,,"",,,,"SpecimenDefinition.typeTested.handling.instruction",0,1,"","ele-1:All FHIR elements must have a @value or children {hasValue() or (children().count() > id.count())}
"
